uniqueid,gene,mutation,drug,prediction,catalogue_name,evidence,catalogue_version,prediction_values
final,fgd1,K270M,DLM,U,WHO-UCN-GTB-PCI-2023.5,{'reporting_rule': 'True'},2.0,RFUS
final,gyrA,E21Q,LEV,S,WHO-UCN-GTB-PCI-2023.5,"{'Observed_samples': {'Present_SOLO_SR': 1585, 'Present_SOLO_R': 42, 'Present_SOLO_S': 1543}, 'Additional grading criteria applied': None, 'FINAL CONFIDENCE GRADING': '5) Not assoc w R', 'INITIAL CONFIDENCE GRADING': '5) Not assoc w R', 'WHO HGVS': 'gyrA_p.Glu21Gln'}",2.0,RFUS
final,gyrA,E21Q,MXF,S,WHO-UCN-GTB-PCI-2023.5,"{'Observed_samples': {'Present_SOLO_SR': 1170, 'Present_SOLO_R': 22, 'Present_SOLO_S': 1148}, 'Additional grading criteria applied': None, 'FINAL CONFIDENCE GRADING': '5) Not assoc w R', 'INITIAL CONFIDENCE GRADING': '5) Not assoc w R', 'WHO HGVS': 'gyrA_p.Glu21Gln'}",2.0,RFUS
final,gyrA,G668D,LEV,S,WHO-UCN-GTB-PCI-2023.5,"{'Observed_samples': {'Present_SOLO_SR': 19, 'Present_SOLO_R': 7, 'Present_SOLO_S': 12}, 'Additional grading criteria applied': None, 'FINAL CONFIDENCE GRADING': '5) Not assoc w R', 'INITIAL CONFIDENCE GRADING': '5) Not assoc w R', 'WHO HGVS': 'gyrA_p.Gly668Asp'}",2.0,RFUS
final,gyrA,G668D,MXF,S,WHO-UCN-GTB-PCI-2023.5,"{'Observed_samples': {'Present_SOLO_SR': 20, 'Present_SOLO_R': 5, 'Present_SOLO_S': 15}, 'Additional grading criteria applied': None, 'FINAL CONFIDENCE GRADING': '5) Not assoc w R', 'INITIAL CONFIDENCE GRADING': '5) Not assoc w R', 'WHO HGVS': 'gyrA_p.Gly668Asp'}",2.0,RFUS
final,gyrA,S95T,LEV,S,WHO-UCN-GTB-PCI-2023.5,"{'Observed_samples': {'Present_SOLO_SR': 23, 'Present_SOLO_R': 1, 'Present_SOLO_S': 22}, 'Additional grading criteria applied': None, 'FINAL CONFIDENCE GRADING': '5) Not assoc w R', 'INITIAL CONFIDENCE GRADING': '5) Not assoc w R', 'WHO HGVS': 'gyrA_p.Ser95Thr'}",2.0,RFUS
final,gyrA,S95T,MXF,S,WHO-UCN-GTB-PCI-2023.5,"{'Observed_samples': {'Present_SOLO_SR': 17, 'Present_SOLO_R': 0, 'Present_SOLO_S': 17}, 'Additional grading criteria applied': None, 'FINAL CONFIDENCE GRADING': '5) Not assoc w R', 'INITIAL CONFIDENCE GRADING': '5) Not assoc w R', 'WHO HGVS': 'gyrA_p.Ser95Thr'}",2.0,RFUS
final,mmpL5,I948V,BDQ,S,WHO-UCN-GTB-PCI-2023.5,"{'Observed_samples': {'Present_SOLO_SR': 5468, 'Present_SOLO_R': 55, 'Present_SOLO_S': 5413}, 'Additional grading criteria applied': 'Literature evidence (PMID 28031270; 34503982)', 'FINAL CONFIDENCE GRADING': '4) Not assoc w R - Interim', 'INITIAL CONFIDENCE GRADING': '5) Not assoc w R', 'WHO HGVS': 'mmpL5_p.Ile948Val'}",2.0,RFUS
final,mmpL5,I948V,CFZ,S,WHO-UCN-GTB-PCI-2023.5,"{'Observed_samples': {'Present_SOLO_SR': 50, 'Present_SOLO_R': 1, 'Present_SOLO_S': 49}, 'Additional grading criteria applied': None, 'FINAL CONFIDENCE GRADING': '5) Not assoc w R', 'INITIAL CONFIDENCE GRADING': '5) Not assoc w R', 'WHO HGVS': 'mmpL5_p.Ile948Val'}",2.0,RFUS
final,rpoB,D103D,RIF,S,WHO-UCN-GTB-PCI-2023.5,{'reporting_rule': 'True'},2.0,RFUS
final,rpoB,S100S,RIF,S,WHO-UCN-GTB-PCI-2023.5,{'reporting_rule': 'True'},2.0,RFUS
final,rrs,a514x,AMI,S,WHO-UCN-GTB-PCI-2023.5,{},2.0,RFUS
final,rrs,a514x,CAP,S,WHO-UCN-GTB-PCI-2023.5,{},2.0,RFUS
final,rrs,a514x,KAN,S,WHO-UCN-GTB-PCI-2023.5,{},2.0,RFUS
final,rrs,a514x,STM,F,WHO-UCN-GTB-PCI-2023.5,"{'Resistant prediction': 'a514c', 'Observed_samples': {'Present_SOLO_SR': 316, 'Present_SOLO_R': 305, 'Present_SOLO_S': 11}, 'Additional grading criteria applied': None, 'FINAL CONFIDENCE GRADING': '1) Assoc w R', 'INITIAL CONFIDENCE GRADING': '1) Assoc w R', 'WHO HGVS': 'rrs_n.514A>C'}",2.0,RFUS
final,rrs,c517x,AMI,S,WHO-UCN-GTB-PCI-2023.5,{},2.0,RFUS
final,rrs,c517x,CAP,S,WHO-UCN-GTB-PCI-2023.5,{},2.0,RFUS
final,rrs,c517x,KAN,S,WHO-UCN-GTB-PCI-2023.5,{},2.0,RFUS
final,rrs,c517x,STM,F,WHO-UCN-GTB-PCI-2023.5,"{'Resistant prediction': 'c517t', 'Observed_samples': {'Present_SOLO_SR': 518, 'Present_SOLO_R': 468, 'Present_SOLO_S': 50}, 'Additional grading criteria applied': None, 'FINAL CONFIDENCE GRADING': '1) Assoc w R', 'INITIAL CONFIDENCE GRADING': '1) Assoc w R', 'WHO HGVS': 'rrs_n.517C>T'}",2.0,RFUS
final,tlyA,L11L,CAP,S,WHO-UCN-GTB-PCI-2023.5,{'reporting_rule': 'True'},2.0,RFUS
